ID,Nama_Obat,Indikasi,Dosis,Kontraindikasi,Efek_Samping,Interaksi
1,Sanmol,"Sanmol digunakan untuk meringankan rasa sakit pada keadaan sakit kepala, sakit gigi dan menurunkan demam.","Dewasa dan anak di atas 12 tahun : 1 tablet, 3-4 kali per hari. Anak - anak : 1/2 - 1 tablet, 3-4 kali sehari. Atau sesuai petunjuk dokter.",Penderita gangguan fungsi hati yang berat. Hipersensitivitas terhadap Paracetamol.,"Memar atau perdarahan yang tidak biasa, perut bagian atas kanan terasa sakit, hilang nafsu makan, urine berwarna gelap, feses berwarna seperti tanah liat (abu-abu pucat),
penyakit kuning yang ditandai dengan mata atau kulit yang menguning","Penurunan efektivitas paracetamol jika digunakan dengan cholestyramine, peningkatan risiko terjadinya efek samping paracetamol jika dikonsumsi bersama metoclopramide atau domperidone, peningkatan risiko terjadinya perdarahan akibat warfarin jika paracetamol digunakan dalam jangka panjang, peningkatan risiko terjadinya efek samping pada liver jika digunakan dengan isoniazid atau obat golongan barbiturat, seperti phenobarbital, penurunan efektivitas lamotrigine dalam mencegah kejang, peningkatan risiko terjadinya efek samping chloramphenicol atau busulfan"
2,Decolgen,"Decolgen digunakan untuk meredakan gejala flu seperti sakit kepala, demam, bersin-bersin dan hidung tersumbat.","Dewasa dan anak-anak usia 12 tahun ke atas : 1 tablet, 3–4 kali sehari.
Anak usia 6–12 tahun: ½ tablet, 3–4 kali sehari","Tidak boleh diberikan pada penderita yang peka terhadap obat simpatomimetik, penderita tekanan darah tinggi berat, dan orang yang sedang terapi antidepresan MAOI","Mengantuk, gangguan pencernaan, mulut kering, palpitasi, psikomotor, takikardia, aritmia, retensi urin.","Peningkatan risiko terjadinya efek samping paracetamol jika dikonsumsi bersama metoclopramide, domperidone, probenecid, atau isoniazid, peningkatan risiko terjadinya kerusakan hati jika digunakan dengan obat golongan barbiturat, seperti phenobarbital, penurunan efektivitas obat lamotrigine dalam mencegah kejang, penurunan efektivitas obat antihipertensi, peningkatan kadar chloramphenicol atau busulfan di dalam darah sehingga meningkatkan risiko terjadinya efek samping, peningkatan risiko terjadinya efek samping yang fatal jika digunakan bersama obat monoamine oxidase inhibitors (MAOI), seperti isocarboxazid atau selegiline, peningkatan risiko terjadinya efek samping kantuk jika digunakan dengan obat antidepresan, obat tidur, atau pelemas otot (muscle relaxant), peningkatan risiko terjadinya hipertensi jika digunakan dengan antidepresan trisiklik"
3,Alpara,"Alpara digunakan untuk meringankan gejala flu seperti demam, sakit kepala, hidung tersumbat, dan bersin-bersin yang disertai batuk.",Dewasa dan diatas 12 tahun : 3 kali sehari 1 kaplet. Anak 6-12 tahun : 3 kali sehari 0.5 kaplet,Penderita dengan gangguan jantung dan diabetes melitus. Penderita dengan gangguan fungsi hati yang berat. Penderita yang hipersensitif terhadap komponen obat ini.,"Pusing, sakit kepala, sakit maag, kantuk, mual dan muntah, keringat berlebihan, insomnia, sembelit, mulut, hidung, dan tenggorokan kering, gelisah","Peningkatan risiko terjadinya perdarahan jika digunakan dengan warfarin, peningkatan risiko terjadinya kerusakan hati jika digunakan dengan isoniazid, peningkatan risiko terjadinya hipertensi yang berakibat fatal jika digunakan bersama bromocriptine atau obat MAOI, seperti isocarboxazid, linezolid, atau phenelzine, peningkatan efek kantuk dan risiko terjadinya komplikasi jika digunakan dengan obat anti nyeri golongan opioid, obat anti ansietas, obat tidur, atau obat antipsikotik, peningkatan risiko terjadinya sindrom serotonin jika digunakan dengan obat golongan selective serotonin reuptake inhibitors (SSRI), atau monoamine oxidase inhibitors (MAOI), peningkatan risiko terjadinya efek samping dari dextromethorphan jika digunakan dengan amiodarone atau haloperidol"
4,Panadol,"Panadol digunakan untuk meringankan rasa sakit pada sakit kepala, sakit gigi, sakit pada otot dan menurunkan demam.","Dewasa dan anak usia lebih dari 12 tahun : 1 - 2 kaplet, 3-4 kali sehari (Maksimum 8 kaplet dalam 24 jam). Anak-anak usia 6-11 tahun : 1/2 - 1 kaplet, 3-4 kali sehari (maksimum 4 kaplet dalam 24 jam). Minimum interval penggunaan dosis adalah 4 jam. Jangan melebihi dosis yang dianjurkan, atau menurut aturan dokter.",Penderita yang hipersensitif terhadap paracetamol dan bahan lain dalam obat ini. Penderita dengan gangguan fungsi hati.,"Mual, muntah, nyeri lambung, kehilangan nafsu makan, ruam pada kulit","Penurunan penyerapan dan efektivitas paracetamol jika digunakan dengan cholestyramine, peningkatan risiko terjadinya efek samping paracetamol jika digunakan dengan metoclopramide dan domperidone, peningkatan risiko terjadinya kerusakan hati jika digunakan dengan phenobarbital, peningkatan risiko terjadinya efek samping jika digunakan dengan probenecid atau isoniazid, penurunan efektivitas lamotrigine, peningkatan risiko terjadinya efek samping chloramphenicol atau busulfan"
5,Acitral,"Acitral digunakan untuk mengatasi sakit maag, Tukak lambung & tukak usus halus, Hiperasiditas pencernaan, Gastritis, Gangguan pencernaan, Perut kembung.","Acitral Tablet Kunyah
Dewasa : 1–2 tablet kunyah, 3–4 kali sehari.
Acitral Suspensi
Dewasa dan anak usia di atas 12 tahun: 1–2 sendok takar (5–10 ml), 3–4 kali sehari.
Anak usia 6–12 tahun: ½–1 sendok takar (2½–5 ml), 3–4 kali sehari.",Jangan menggunakan obat ini untuk pasien yang memiliki riwayat alergi terhadap salah satu komponen Acitral Tablet. Jangan diberikan pada penderita gangguan fungsi ginjal yang berat.,"Gangguan pencernaan, mual, muntah, tidak nafsu makan, lelah","Peningkatan penyerapan aluminium hidroksida dan magnesium hidroksida dalam tubuh jika digunakan bersama vitamin C atau asam sitrat, penurunan penyerapan dan efektivitas antibiotik, seperti ciprofloxacin, hydroxychloroquine, cefdinir, rifampicin, atau antibiotik golongan tetrasiklin, penurunan efektivitas chlorpromazine, ketoconazole, levothyroxine, atau rosuvastatin, penurunan penyerapan suplemen zat besi untuk mengatasi anemia"
6,Promag,"Promag digunakan untuk meringankan gejala-gejala yang berhubungan dengan kelebihan asam lambung, gastritis, tukak lambung, tukak usus 12 jari dengan gejala seperti mual, nyeri lambung, nyeri ulu hati, kembung dan perasaan penuh pada lambung.",Dewasa dan anak di atas 12 tahun : 3-4 kali sehari 1-2 tablet. Anak-anak 6 - 12 tahun : 3 - 4 kali sehari 0.5 - 1 tablet. Atau menurut petunjuk dokter.,"Hati-hati pada pasien dengan gangguan fungsi ginjal, pemberian antasida yang mengandung magnesium dapat menimbulkan hipermagnesia. Hati-hati pemberian pada penderita diet fosfor rendah karena dapat mengurangi fosfor dalam darah.","Diare, sembelit, mual, sakit kepala atau pusing","Penurunan penyerapan antibiotik tetracycline, seperti doxycycline, atau quinolone, seperti ciprofloxacin, sehingga menurunkan efektivitasnya, penurunan efektivitas cimetidine, peningkatan risiko terjadinya efek samping dari ibuprofen dan quinidine, penurunan efektivitas obat tiroid, seperti levothyroxine"
7,Polysilane,"Polysilane digunakan untuk mengatasi sakit maag, rasa panas atau terbakar pada uluhati atau kerongkongan, Pirosis, Gastritis, Perut kembung.",Dewasa : 3-4 kali sehari 1-2 tablet. Anak di atas 4 tahun : 2 tablet per hari.,Penggunaan jangka panjang dan dosis tinggi dapat menyebabkan kerusakan fungsi ginjal. Tidak dianjurkan pemberian pada anak-anak di bawah 6 tahun kecuali atas petunjuk dokter. Hipersensitif dan penderita gangguan ginjal berat.,"Sembelit, diare, mual, muntah, deplesi fosfat","Kandungan aluminium, magnesium, atau simethicone di dalam Polysilane jenis ini dapat menurunkan penyerapan dan efektivitas obat golongan tetracycline, cimetidine, digoxin, levothyroxine, isoniazid"
8,Sumagesic,"Sumagesic digunakan untuk meringankan rasa sakit pada sakit kepala, sakit gigi dan menurunkan demam.","Dewasa : 1 tablet, 3–4 kali sehari.
Anak-anak : 1/4–1/2 tablet, 3–4 kali sehari.","Penderita gangguan fungsi hati yang berat, hipersensitivitas terhadap Paracetamol.","Keringat berlebih, kehilangan selera makan, mual atau muntah, sakit perut atau kram perut, rasa sakit atau bengkak pada perut bagian atas","Penurunan penyerapan paracetamol jika digunakan bersama cholestyramine, penurunan efektivitas paracetamol jika digunakan bersama rifampicin, suplemen herbal St John’s wort, atau antikonvulsan tertentu, seperti carbamazepine, phenytoin, atau phenobarbital, peningkatan risiko terjadinya efek samping paracetamol jika digunakan bersama probenecid, domperidone, atau metoclopramide, peningkatan risiko terjadinya efek samping obat chloramphenicol, peningkatan risiko terjadinya memar atau perdarahan jika digunakan bersama warfarin atau coumarin."
9,Degirol,"Degirol digunakan untuk mengatasi sakit tenggorokan, peradangan pada rongga mulut dan tenggorokan seperti gingivitis, faringitis, periodontitis, laringitis dan angina, infeksi selaput lendir mulut seperti stomatitis.","Dosis : 1 tablet hisap, tiap 3–4 jam sehari. Dosis maksimal 8 tablet per hari.",Hipersensitif atau alergi terhadap Dequalinium Chloride.,"Sensasi terbakar, kesemutan, mati rasa, nyeri di lidah.","Belum diketahui secara pasti interaksi antarobat yang bisa terjadi jika Degirol digunakan bersama dengan obat-obat lain. Namun, tidak tertutup kemungkinan bahwa obat ini bisa berinteraksi dengan obat lain."
10,Sanadryl Dmp,Sanadryl digunakan untuk meringankan gejala batuk tidak berdahak yang menimbulkan rasa sakit atau batuk karena alergi.,Dewasa : 3-4 kali sehari 2 sendok takar (10 mL). Anak 6-12 tahun : 3-4 kali sehari 1 sendok takar (5 ml). Atau menurut petunjuk dokter.,Hipersensitif,"Mengantuk, pusing, gangguan koordinasi, sekresi saluran pernapasan mengental, mulut kering, kejang epileptiform (dosis besar)",Dapat mempotensiasi depresan sistem saraf pusat lainnya. Tindakan yang diperpanjang oleh monoamine oxidase inhibitors (MAOI)
11,Custodiol,Custodiol merupakan obat pencahar yang digunakan untuk melancarkan susah buang air besar atau sembelit (konstipasi) selama berhari-hari.,Dewasa dan anak-anak diatas 12 tahun : 2-3x sehari 1 tablet Anak-anak 6-12 tahun : 1x sehari 1 tablet Anak-anak dibawah 6 tahun : konsultasi dokter atau dianjurkan untuk memakai suppositoria anak,"Obstruksi usus, kondisi abdomen yang memerlukan pembedahan akut, apendisitis, penyakit inflamasi usus besar akut, dehidrasi berat, hipersensitif terhadap triarilmetan, ileus.","Pusing, jarang berkemih, muntah dan diare yang tidak kunjung mereda, BAB berdarah, pingsan","Jangan menggunakan Custodiol Tablet Salut Enterik 5 Mg 10 Tablet jika Anda alergi terhadap obat ini. Konsultasikan dengan dokter terlebih dahulu jika Anda pernah atau sedang menderita penyakit usus buntu, dehidrasi, kolitis ulseratif, gangguan penyerapan gula, penyakit Crohn, sakit perut, kesulitan buang air besar yang berlangsung selama lebih dari 2 minggu, obstruksi usus, atau perdarahan dari dubur. Konsultasikan dengan dokter terlebih dahulu, jika Anda sedang menggunakan obat, suplemen, atau produk herbal tertentu, terutama jika sedang menggunakan obat pencahar lain, antasida, diuretik, kortikosteroid. Beri tahu dokter jika Anda sedang hamil, menyusui, atau sedang merencanakan kehamilan. Konsultasikan dengan dokter sebelum memberikan Custodiol Tablet Salut Enterik 5 Mg 10 Tablet kepada anak-anak. Jangan menggunakan Custodiol Tablet Salut Enterik 5 Mg 10 Tablet untuk menurunkan berat badan. Segera ke dokter jika terjadi reaksi alergi obat atau overdosis setelah mengonsumsi Custodiol Tablet Salut Enterik 5 Mg 10 Tablet."
12,Pamol,"Pamol digunakan untuk meredakan sakit kepala, sakit gigi, nyeri otot, menurunkan demam dan nyeri pasca vaksinasi.","Dewasa: 1 - 2 kaplet, 3 sampai 4 kali per hari. Penggunaan maximum 8 kaplet per hari. Anak (6 - 12 tahun): 1/2 - 1 kaplet, 3 sampai 4 kali per hari. Penggunaan maximum 4 kaplet per hari.",Penderita gangguan fungsi hati berat dan hipersensitif.,"Mual, muntah, diare, keringat berlebih, pucat, sakit perut","Penurunan penyerapan dan efektivitas paracetamol jika digunakan dengan cholestyramine, peningkatan risiko terjadinya efek samping paracetamol jika digunakan dengan metoclopramide dan domperidone, peningkatan risiko terjadinya kerusakan hati jika digunakan dengan phenobarbital, peningkatan risiko terjadinya efek samping jika digunakan dengan probenecid atau isoniazid, penurunan efektivitas lamotrigine, peningkatan risiko terjadinya efek samping chloramphenicol atau busulfan"
13,Paramex,Paramex digunakan untuk meringankan sakit kepala dan sakit gigi.,"Dewasa dan anak usia di atas 12 tahun: 1 tablet, 2–3 kali sehari.","Hipersensitif terhadap parasetamol, pasien dengan disfungsi hati dan ginjal.","Kantuk, gelisah, tremor, sulit tidur (insomnia), jantung berdebar, gangguan pencernaan, mulut kering, peningkatan tekanan darah","Peningkatan risiko terjadinya interaksi obat jika Paramex atau Paramex SK digunakan dengan quinolone, theophylline, duloxetine, rasagiline, atau tizanidine, peningkatan risiko terjadinya krisis hipertensi jika Paramex Flu & Batuk atau Paramex Flu & Batuk PE digunakan bersama obat antidepresan jenis monoamine oxidase inhibitors (MAOIs), peningkatan risiko terjadinya memar atau perdarahan jika Paramex Nyeri Otot digunakan dengan obat antiplatelet atau obat antikoagulan, seperti aspirin atau warfarin, serta obat antiinflamasi non-steroid lainnya, seperti celecoxib atau diclofenac, peningkatan risiko terjadinya kerusakan ginjal jika Paramex Nyeri Otot digunakan bersama ciclosporin atau tacrolimus"
14,Vermint,Vermint digunakan untuk membantu meredakan demam,"Dewasa : 2 kapsul, 3 kali per hari Anak-anak : 1 kapsul, 3 kali per hari.",Jangan menggunakan Vermint jika Anda alergi terhadap obat ini.,"Sakit kepala, pusing, konstipasi, diare",Belum didapatkan informasi terkait interaksi vermint dengan obat lainnya. Namun sebaiknya informasikan pada dokter mengenai riwayat obat yang telah dikonsumsi sebelum menggunakan obat batuk ibu dan anak
15,Oskadon,"Oskadon digunakan untuk mengurangi sakit kepala, pusing, menghilangkan segala macam rasa nyeri, dan menghilangkan demam.","Dewasa dan anak-anak usia di atas 12 tahun : 1 tablet, 3–4 kali sehari.
Anak-anak usia 6–12 tahun : ½ tablet, 3–4 kali sehari.","Penderita dengan riwayat penyakit ginjal atau gangguan fungsi hati, wanita hamil dan menyusui, gangguan fungsi hati berat","Mual, muntah, nyeri lambung atau rasa panas di ulu hati, diare, konstipasi","Peningkatan risiko terjadinya kerusakan hati jika digunakan bersama isoniazid, peningkatan risiko terjadinya perdarahan jika digunakan bersama obat antikoagulan, seperti warfarin, atau antidepresan golongan SSRI, peningkatan risiko terjadinya efek samping yang fatal jika digunakan bersama sodium fusidat, penurunan efektivitas obat aspirin dalam mencegah stroke atau serangan jantung, penurunan efektivitas obat antihipertensi, seperti candesartan, nifedipine, dan captopril, penurunan efektivitas Oskadon jika digunakan dengan cholestyramine, rifampicin, phenytoin, phenobarbital, carbamazepin, atau primidone, peningkatan risiko terjadinya efek samping jika digunakan dengan probenesid, peningkatan risiko terjadinya efek samping dari chloramphenicol"
16,Diatabs,"Diatabs digunakan untuk pengobatan simtomatik pada diare non-spesifik, yaitu diare yang tidak diketahui penyebabnya dengan jelas.","Dewasa dan anak-anak (12 tahun atau lebih) : 2 tablet setiap setelah buang air besar, maksimum penggunaan 12 tablet dalam waktu 24 jam. Anak-anak (6-12 tahun) : 1 tablet setiap setelah buang air besar, maksimum penggunaan 6 tablet dalam waktu 24 jam. Jika gejala-gejala masih berlangsung terus, harap berkonsultasi dengan dokter.",Diatabs tidak boleh diberikan pada pasien dimana konstipasi harus dihindari. Hipersensitif terhadap activated attapulgit.,"Mual, perut kembung, kentut, sakit perut","Penurunan efektivitas obat antivirus, salah satunya obat dolutegravir dalam mengatasi infeksi HIV, penurunan efektivitas digoxin untuk mengatasi aritmia, peningkatan risiko terjadinya efek antikolinergik, seperti mulut kering, konstipasi, pandangan buram, dan kantuk, jika digunakan bersama obat antidepresan, antiparkinson, antihistamin, atau antipsikotik, penurunan efektivitas obat perangsang muntah pada keracunan, penurunan penyerapan dan efektivitas trihexyphenidyl, peningkatan risiko terjadinya sembelit jika digunakan bersama loperamide"
17,Opilax Sirup,Opilax Sirup digunakan untuk mengatasi masalah konstipasi kronis atau sembelit.,"Untuk konstipasi kronis: Dewasa : - Keadaan parah; dosis awal 30ml selama 3 hari pertama; dosis pemelihara 15-25 ml sehari - Keadaan sedang; dosis awal 15-30 ml selama 3 hari pertama; dosis pemelihara 15-25 ml - Keadaan ringan ; osis awal 15 ml selama 3 hari pertama ; dosis pemilihara 10 ml Ensefalopati hepatik Dosis awal : 3 kali sehari 30-50 ml Dosis pemelihara : disesuaikan dengan kebutuhan spenderita, harus dicegah terjadinya diare.",Pasien yang membutuhkan diet rendah galaktosa dan pasien dengan obstruksi usus,"Diare jika dikonsumsi berlebihan, kembung, mual atau muntah","Peningkatan risiko terjadinya efek samping yang parah jika digunakan dengan obat pencahar lainnya, seperti gliserol, peningkatan efek obat glikosida jantung, peningkatan risiko berkurangnya kadar kalium di dalam darah jika dikonsumsi dengan thiazide, kortikosteroid, atau amphotericin B, penurunan efek terapeutik laktulosa jika digunakan dengan glutamin, penurunan efektivitas laktulosa jika digunakan dengan obat maag yang mengandung aluminium hidroksida dan magnesium hidroksida, serta antibiotik, seperti neomycin"
18,Xepazym,"Xepazym digunakan untuk 
melengkapi pengobatan pada gangguan pencernaan seperti perut kembung pada gangguan proses produksi enzim pankreas (insufisiensi pankreas), pada gangguan hati, kelenjar empedu, lambung, dan usus, flatulensi, setelah operasi dan digunakan juga pada persiapan untuk radiografi dari abdomen (diagnostik saluran empedu dan ginjal).",Dosis umum : 1-2 kaplet per hari Untuk persiapan pemeriksaan rontgen : 3-4x sehari 2 kaplet selama 2 hari sebelum pemeriksaan dan 2 kaplet pada perut kosong pagi-pagi pada hari pemeriksaan.,Hipersensitivitas terhadap kandungan obat.,"Nyeri perut, mual, diare","Terganggunya penyerapan dan efektivitas suplemen asam folat, suplemen zat besi, atau obat-obatan untuk penyakit tiroid, seperti levothyroxine, liothyronine, atau liotrix, penurunan efektivitas acarbose, penurunan efektivitas pankreatin jika digunakan bersama antasida yang mengandung aluminium hidroksida atau magnesium hidroksida"
19,Mylanta,"Mylanta digunakan untuk 
mengurangi gejala-gejala yang berhubungan dengan kelebihan, gastritis, tukak lambung, tukak usus 12 jari dengan gejala seperti mual, nyeri lambung dan nyeri ulu hati.","Dewasa : 1-2 tablet, diberikan 3-4 kali sehari. Anak-anak 6-12 tahun : 0.5-1 tablet, diberikan 1-2 kali sehari.","Jangan diberikan pada penderita gangguan fungsi ginjal yang berat, karena dapat menimbulkan hipermagnesia (kelebihan magnesium dalam darah). Tidak boleh digunakan pada pasien yang hipersensitif terhadap aluminium hidroksida, magnesium hidroksida, simetikon atau komponen lain dalam formulasi obat ini.","Mual atau muntah, perut kembung atau bersendawa, sembelit atau malah diare, sakit kepala, sensasi terbakar di mulut atau tenggorokan, perubahan sensasi rasa di mulut (dysgeusia)","Kandungan aluminium, magnesium, atau simethicone, di dalam Mylanta jenis ini, dapat menurunkan penyerapan dan efektivitas obat-obatan seperti cabotegravir, dolutegravir, antibiotik golongan tetracycline, cimetidine, digoxin, levothyroxine, isoniazid"
20,Combantrin,"Combantrin digunakan untuk mengatasi infeksi cacing kremi (enterobius vermicularis), cacing gelang (ascaris lumbricoides), cacing tambang (ancylostoma duodenale), cacing tambang (necator americanus), cacing trichostrongylus colubriformis dan trichostrongylus orientalis.","Anak usia 2-6 tahun: 0.5-1 tablet, diberikan sekali. Anak usia 6-12 tahun : 1-1.5 tablet, diberikan sekali. Di atas usia 12 tahun : 1.5-2 tablet, diberikan sekali.",Penderita hipersensitif,"Mual, muntah, diare, sakit kepala, pusing, hilang nafsu makan, kantuk, kemerahan atau gatal di kulit, biduran, berkeringat atau keringat dingin",Penurunan efek pirantel pamoat dan piperazine jika keduanya digunakan secara bersamaan serta peningkatan risiko terjadinya efek samping teofilin jika keduanya digunakan secara bersamaan
21,Betadine,Betadine merupakan cairan antiseptik pada luka untuk membunuh kuman penyebab infeksi,Oleskan ke kulit sesuai kebutuhan,Hipersensitivitas terhadap iodine,"Gatal, ruam, bengkak pada kulit, nyeri pada vagina, iritasi pada kulit, mulut, atau bagian tubuh yang terkena Betadine","Mengingat Betadine mengandung povidone iodine, risiko terjadinya gangguan tiroid bisa meningkat jika obat ini digunakan bersamaan dengan obat lain yang mengandung lithium."
22,Alerhis,"Alerhis digunakan untuk 
mengatasi gejala rinitis alergik seperti bersin-bersin, pilek dan rasa gatal pada hidung, rasa gatal dan terbakar pada mata serta untuk mengurangi gejala dan tanda-tanda urtikaria kronis serta penyakit dermatologis alergi lainnya.",Dewasa dan anak di atas 12 tahun : 1 kali sehari 1 kaplet Anak usia 6-12 tahun: BB di atas 30 kg = 1 kali sehari 1 kaplet BB kurang dari 30 kg = 1 kali sehari 1/2 kaplet,Hipersensitif terhadap komponen dalam produk.,"Kantuk atau kelelahan, gugup, mata, mulut, dan tenggorokan terasa kering, sakit perut atau diare, sakit kepala","Kandungan loratadine dalam Alerhis Tablet dapat menimbulkan interaksi berupa peningkatan kadar dan efektivitas Alerhis Tablet jika digunakan bersama ketoconazole, fluconazole, erythromycin, clarithromycin, atau cimetidine"
23,Alermax,"Alermax digunakan untuk mengobati rinitis alergika, manifestasi alergi kulit seperti urtikaria (biduran/kaligata) & angioedema, urtikaria karena dingin.",Anak-anak 2-6 tahun : 1/4 kaplet 3-4 kali sehari. Anak-anak : 1/2 kaplet 3-4 kali sehari. Dewasa : 1 kaplet 3-4 kali sehari,"Hipersensitif pada kandungan Alermax, kelainan darah porfiria, asma akut, anak di bawah 1 tahun, bayi prematur","Mengantuk, sakit kepala, gangguan psikomotor, pandangan kabur, gangguan saluran cerna seperti mual, muntah, mulut kering, diare, hipotensi, stimulasi sistem saraf pusat","Pemberian bersama MAO inhibitor, antidepresan trisiklik, serta antikolinergik lain seperti atropin dapat meningkatkan risiko efek antimuskarinik, seperti retensi urine, mulut kering, pandangan kabur, mempengaruhi sistem kardiovaskular, sistem saraf pusat serta kelainan darah, penggunaan bersama barbiturate atau depresan sistem saraf pusat akan memperkuat efek sedatif, meningkatkan konsentrasi obat dalam darah apabila diberikan bersama cimetidine, meningkatkan risiko ototoksik atau gangguan telinga apabila diberikan bersama aminoglikosid"
24,Vital Ear Drops,Vital Ear Drops digunakan untuk antiseptik rongga telinga,2 tetes 3 kali sehari,"Hipersensitif terhadap bahan aktif yang terkandung, dan perforasi gendang telinga",Rasa terbakar atau tersengat beberapa saat setelah obat dituangkan ke dalam telinga,"Belum diketahui apakah kandungan zat aktif dalam Vital Ear Oil bisa menimbulkan interaksi obat jika digunakan dengan obat-obatan lain atau tidak. Untuk mengantisipasi hal ini, berikan jeda waktu yang cukup sebelum menggunakan obat tetes telinga jenis lain"
25,Sterimar blocked nose hypertonic,"Sterimar blocked nose hypertonic digunakan untuk
melegakan hidung tersumbat karena pilek atau sinusitis. Membersihkan area hidung sehingga dapat membantu pencegahan infeksi flu",2-6 semprotan di lubang hidung yang tersumbat,Jangan menggunakan Vital Ear Oil jika Anda alergi terhadap obat ini,"Rasa perih di hidung, bersin-bersin, rasa penuh di telinga.",Belum diketahui apakah kandungan dalam Sterimar blocked nose hypertonic bisa menimbulkan interaksi obat jika digunakan dengan obat-obatan lain atau tidak
26,Benzolac,Untuk pengobatan jerawat (Acne Vulgaris),Oleskan gel 1-2x sehari pada jerawat,"Hipersensitif, hamil, menyusui, anak di bawah 12 tahun","Kulit kering atau mengelupas, kemerahan atau gatal pada kulit, sensasi panas di kulit","Kandungan benzoyl peroxide dalam Benzolac dapat menurunkan efektivitas tretinoin, isotretinoin, atau tazarotene. Obat ini juga bisa menyebabkan kulit dan rambut wajah berubah warna menjadi kekuningan jika digunakan dengan produk yang mengandung sulfonamida atau sulfone"
27,Astria,Astria digunakan untuk memelihara kesehatan,1 kali sehari 1 kapsul,"Jangan menggunakan Astria 4 mg jika Anda alergi terhadap astaxanthin, canthaxantin, atau obat jenis 5-alpha-reductase inhibitor, seperti finasteride.
Astaxantine bisa dihasilkan oleh beberapa jenis alga dan beberapa jenis makanan laut, seperti salmon atau lobster. Jangan mengkonsumsi Astria 4 mg jika Anda alergi jenis alga atau makanan laut tersebut","Sering buang air besar
Perubahan warna tinja menjadi merah","Belum diketahui efek interaksi yang bisa terjadi jika Astria 4 mg digunakan bersama dengan obat-obatan lain. Namun, konsultasikan dengan dokter terkait penggunaan Astria 4 mg atau produk yang mengandung astaxanthin jika Anda sedang mengkonsumsi obat golongan 5-alpha-reductase inhibitor atau obat, produk herbal, atau suplemen, yang memiliki efek untuk menurunkan tekanan darah."
28,Callusol,"Callusol digunakan untuk menghilangkan mata ikan, kulit yang mengeras, kutil dan kalus (kapalan).","Oleskan Callusol ke bagian kulit yang terdampak sebanyak 1–2 kali sehari, hingga kutil, mata ikan, atau kapalan, terlepas.",Hipersensitivitas,"Kemerahan yang meluas pada kulit di sekitar area yang diobati, tanda infeksi seperti nanah berwarna hijau atau putih susu, muncul luka cekung pada area yang diobati","Meningkatnya penyerapan obat oles lain yang dioleskan ke area yang sama, meningkatkan risiko terjadinya iritasi dan kulit kering jika digunakan dengan obat jerawat, seperti adapalene atau tretinoin topikal, menurunnya efektivitas calcipotriol pada pengobatan psoriasis"
29,Zambuk,"Zambuk digunakan untuk meredakan rasa nyeri, dan gatal-gatal yang berkaitan dengan luka ringan, gatal akibat gigitan serangga dan nyamuk, serta membantu meredakan memar dan terkilir ringan","Oleskan dengan lembut pada tempat yang terkena. Bila perlu, tutup dengan kasa steril",Seseorang dengan kulit sensitif,Kemungkinan terjadi reaksi alergi terhadap bahan obat ini,Belum ada laporan tentang interaksi zambuk dengan obat lain
30,Sp Troches,"Sp Troches digunakan untuk mengatasi peradangan pada tenggorokan atau rongga mulut akibat infeksi ringan, seperti faringitis dan sariawan","6x sehari 1 tablet, tidak lebih dari 8 tablet sehari",Hipersensitif,"Iritasi, rasa panas atau nyeri, kesemutan, atau mati rasa di lidah.",Belum diketahui secara pasti interaksi antar obat yang bisa terjadi jika SP Troches digunakan bersama dengan obat-obat lain
31,Sangobion,Sangobion digunakan untuk mengatasi anemia,"1 Kapsul, diminum 1 kali per hari","Hemokromatosis primer, penderita yang mendapat transfusi darah berulang, tukak lambung aktif","Sembelit atau diare, mual atau muntah, kram perut atau sakit maag, hilang selera makan, feses berwarna hijau, noda pada gigi","Penurunan penyerapan dari obat golongan bifosfonat, obat golongan quinolone, obat golongan tetracycline, pantoprazole, levothyroxine, atau levodopa, penurunan efektivitas zat besi jika digunakan bersama antasida"
32,Cal-95,Cal-95 merupakan suplemen yang digunakan untuk membantu memelihara kesehatan tulang,"1 kaplet salut selaput, diberikan 1-2 kali sehari","Hipersensitivitas, penderita gangguan ginjal","Sendawa, kembung, atau sembelit.","Penurunan efektivitas bisphosphonates, antibiotik golongan quinolone, tetracycline, levothyroxine, phenytoin, serta tiludronate disodium. Peningkatan risiko hiperkalsemia dan hiperkalsiuria jika digunakan bersama diuretik golongan thiazide. Penurunan efektivitas suplemen kalsium jika digunakan bersama obat antasida. Penurunan penyerapan kalsium oleh tubuh jika digunakan bersama obat pencahar. Peningkatan risiko terjadinya aritmia (detak jantung tidak teratur) jika digunakan bersama digoxin."
33,Zinc plus,"Zinc plus digunakan untuk membantu memenuhi kebutuhan mineral seperti Zinc, Tembaga, dan Vitamin C.",1 kapsul per hari atau sesuai anjuran dokter,"Sensitivitas, Defisiensi tembaga","Konsumsi Zinc yang berlebihan dapat menyebabkan ataksia, lemah lesu, dan defisiensi tembaga.","Penurunan absorpsi ceftibuten, cephalexin, deferiprone, penicillamine, ciprofloxacin, dan tetrasiklin"
34,Paratusin,"Paratusin digunakan untuk meringankan gejala-gejala flu seperti demam, sakit kepala, hidung tersumbat dan bersin-bersin yang disertai batuk",Dewasa: 3 kali sehari 1 tablet. Anak (6 - 12 tahun) : 3 kali sehari 1/2 tablet,Penderita dengan gangguan fungsi hati berat. Wanita usia subur karena mempunyai efek mutagenik yang potensial. Penderita yang hipersensitif terhadap salah satu komponen obat ini. Penderita dengan gangguan jantung dan diabetes melitus,"Kantuk, pusing, mulut kering, ruam","Peningkatan risiko terjadinya kantuk, pusing, dan sulit konsentrasi jika digunakan dengan obat tidur, obat penenang (anti ansietas), antipsikotik, atau obat antihistamin, peningkatan risiko terjadinya efek samping yang berbahaya jika digunakan bersama obat antidepresan tipe penghambat monoamine oksidase (MAOI). Peningkatan risiko terjadinya perdarahan jika dikonsumsi dengan warfarin"
35,Neozep Forte,"Neozep Forte digunakan untuk mengobati gejala flu, seperti: hidung tersumbat, demam, pusing, dan bersin-bersin",Dewasa: 3-4x sehari 1 tablet Anak usia 6-12 tahun: 3-4x sehari setengah tablet,Hipersensitif,"Pusing, kantuk, susah tidur, sakit kepala, mual atau muntah, mulut kering, sembelit","Penurunan efektivitas paracetamol jika digunakan dalam waktu yang bersamaan dengan cholestyramine, peningkatan risiko terjadinya pusing, kantuk, dan sulit berkonsentrasi jika digunakan dengan obat anti cemas atau obat alergi (antihistamin), penurunan efektivitas antihipertensi, peningkatan risiko terjadinya krisis hipertensi dan efek samping yang fatal jika digunakan bersama obat golongan MAOI"
36,Calcium Lactate,"Calcium Lactate digunakan untuk pengobatan kekurangan kalsium, serta memelihara kesehatan tulang dan gigi",Dewasa : 3x sehari 1-2 tablet Anak : 2-3x sehari 1 tablet atau menurut petunjuk dokter,"Insufisiensi ginjal atau yang menderita batu ginjal, penderita hiperkalsemia dan hiperkalsiuria","Sendawa, sembelit, perut kembung, nyeri perut","Peningkatan risiko hiperkalsemia jika digunakan bersama obat diuretik golongan thiazide, peningkatan risiko gangguan irama jantung jika digunakan bersama digoxin, penurunan efektivitas calcium lactate jika digunakan bersama obat kortikosteroid, penurunan penyerapan dan efektivitas antibiotik golongan tetracycline, seperti doxycycline, maupun quinolone, seperti ciprofloxacin, penurunan efektivitas obat-obatan untuk osteoporosis, seperti bisfosfonat, alendronate, dan zoledronic acid"
37,Procold Flu,"Procold Flu digunakan untuk Meringankan gejala-gejala flu seperti demam, sakit kepala, hidung tersumbat dan bersin-bersin","Dewasa dan anak di atas 12 tahun : 1 kaplet, diminum 3 kali per hari. Anak 6-12 tahun : 1/2 kaplet, diminum 3 kali per hari",Hipersensitif,"Kantuk, mulut kering, gangguan pencernaan, sulit buang air kecil, detak jantung terasa cepat, lambat, tidak teratur, atau berdebar-debar, sakit kepala, sulit tidur (insomnia), gelisah, gemetaran (tremor)","Peningkatan risiko terjadinya krisis hipertensi jika Procold digunakan bersama obat antidepresan jenis monoamine oxidase inhibitors (MAOIs), seperti selegiline, penurunan penyerapan paracetamol jika digunakan bersama cholestyramine, peningkatan penyerapan paracetamol jika digunakan dengan metoclopramide dan domperidone, peningkatan risiko terjadinya perdarahan jika digunakan bersama dengan antikoagulan, seperti warfarin, peningkatan risiko terjadinya efek samping paracetamol jika digunakan dengan probenecid atau isoniazid, peningkatan risiko terjadinya gangguan irama jantung (aritmia) jika digunakan dengan quinidine, digoxin, dan digitalis, peningkatan efek obat antidepresan trisiklik, seperti amitriptyline, doxepine, dan imipramine, potensi berkurangnya efektivitas obat, jika dikonsumsi bersama dengan chlorpromazine, phentolamine, atau amiodarone, peningkatan kadar dextromethorphan jika digunakan dengan haloperidol atau thioridazine, peningkatan risiko terjadinya efek samping pusing, kantuk, dan sulit berkonsentrasi jika digunakan dengan antihistamin atau opioid"
38,Feminax,Feminax digunakan untuk mengurangi rasa sakit pada waktu haid (Dismenorea) dan pada kolik,Dewasa : 3 kali sehari 1-2 tablet Anak-anak 10-16 tahun : 3 kali sehari 1 tablet,Gangguan fungsi hati atau ginjal & hipersensitif terhadap komponen produk,"Kantuk, pusing atau sakit kepala, mual, mulut kering, kulit kemerahan, sembelit, gangguan buang air kecil","Penurunan efektivitas Feminax jika digunakan dengan cholestyramine, peningkatan risiko terjadinya efek samping pada liver jika digunakan dengan obat golongan barbiturat, seperti phenobarbital, penurunan efektivitas Feminax jika digunakan bersamaan atau dalam waktu dekat dengan antasida, peningkatan risiko terjadinya efek samping jika digunakan dengan obat golongan phenothiazine, haloperidol, atau antidepresan trisiklik, peningkatan risiko terjadinya hipotensi atau gangguan irama jantung jika digunakan bersama obat dengan efek antikolinergik, seperti diphenhydramine"
39,Maltofer,Maltofer digunakan untuk mengatasi kekurangan (defisiensi) zat besi tanpa anemia dan anemia akibat defisiensi zat besi,"Dosis & lama terapi bergantung pada tingkat defisiensi zat besi. Gejala defisiensi zat besi : 1 tablet, 2-3 kali sehari sampai angka Hb normal. Selanjutnya terapi diteruskan dengan 1 tablet sehari setidaknya sampai akhir masa kehamilan untuk melengkapi cadangan zat besi. Defisiensi zat besi laten dan pencegahan defisiensi zat besi dan asam folat : 1 tablet sehari. Defisiensi zat besi laten dan pencegahan defisiensi zat besi dan asam folat : 1 tablet sehari","Jangan dikonsumsi jika kelebihan zat besi, gangguan utilitas zat besi, anemia yang tidak disebabkan oleh defisiensi zat besi, hipersensitif terhadap komponen obat","Perubahan warna tinja, diare, mual, sakit perut, konstipasi, atau sakit maag",Pemberian Maltofer bersamaan dengan zat besi parenteral tidak diindikasikan karena penyerapan zat besi dari sediaan oral akan dihambat
40,Diapet,Diapet digunakan untuk membantu mengurangi frekuansi buang air besar,"Dewasa : Sehari 2 kali 2 kapsul Untuk diare akut : 2 kali 2 kapsul, dengan selang waktu 1 jam",Hipersensitivitas atau alergi terhadap terhadap salah satu bahan aktif obat ini,"Pusing, mual, sakit perut, perut kembung, sembelit",Tidak ada informasi terkait interaksi obat Diapet bila diberikan bersamaan dengan dengan obat lain
41,Actifed,Actifed digunakan untuk meredakan pilek dan batuk berdahak,"Dewasa dan anak-anak di atas 12 tahun : 1 sendok takar (5 ml), 3 kali sehari. Anak-anak usia 6-12 tahun : 1/2 sendok takar (2,5 ml), 3 kali sehari. Tidak dianjurkan untuk anak di bawah 6 tahun",Penderita hipersensitif terhadap komponen obat ini,"Kantuk setelah minum obat, sakit kepala, mulut, hidung, atau tenggorokan kering, pusing, sakit perut, sembelit, sulit tidur (insomnia), gangguan penglihatan atau pandangan kabur","Peningkatan risiko terjadinya krisis hipertensi jika digunakan bersama obat golongan MAOI, seperti isocarboxazid atau selegiline. Peningkatan risiko terjadinya efek samping digunakan bersama obat flu, pilek, atau batuk yang mengandung dekongestan dan antihistamin lain, penurunan efektivitas obat antihipertensi, seperti nifedipin atau candesartan"
42,Antimo,"Antimo digunakan untuk antivertigo, anti mabuk, pening dan mual selama perjalanan dengan kendaraan bermotor, kapal laut dan pesawat udara, baik untuk dewasa maupun anak-anak","Dewasa dan anak di atas 12 tahun : 1 tablet (50 mg), sehari tidak lebih dari 8 tablet (400 mg). Anak usia 8-12 tahun : 0.5 tablet (25 mg), sehari tidak lebih dari 3 tablet (150 mg). Diminum 30 menit sebelum bepergian menggunakan kendaraan, bila perlu dapat diulang tiap 4 jam","Penderita gangguan hati, kondisi rendahnya kadar kalium dalam tubuh (hipokalemia), hipersensitif terhadap antihistamin, gangguan berkemih dan peningkatan tekanan bola mata (glaukoma)","Kantuk, penglihatan buram, sembelit, hidung, tenggorokan, atau mulut terasa kering","Tertutupnya gejala efek samping dari obat-obatan yang merusak fungsi telinga (ototoksik), seperti antibiotik aminoglikosida sehingga berisiko menyebabkan efek samping tersebut terlambat ditangani, peningkatan risiko terjadinya efek samping dari obat dengan efek antikolinergik, seperti obat golongan antidepresan trisiklik atau obat golongan antiparkinson, seperti trihexyphenidyl, peningkatan risiko efek penekanan fungsi otak dari obat pereda nyeri opioid atau barbiturat"
43,Kenalog in Orabase,"Kenalog in Orabase digunakan untuk mengobati peradangan atau luka di bagian dalam mulut, seperti sariawan atau radang gusi, maupun luka akibat cedera, behel gigi, atau tersodok sikat gigi","Oleskan obat secukupnya sekitar 0.6 cm pada lesi hingga menghasilkan lapisan tipis. Tergantung pada tingkat keparahan gejala, mungkin perlu diterapkan 2-3 kali sehari",Hipersensitivitas. Infeksi jamur atau bakteri pada mulut atau tenggorokan. Lesi herpes yang diketahui berasal dari virus atau lesi intraoral,"Penggunaan yang berkepanjangan dapat menimbulkan efek samping yang biasa timbul pada penggunaan sediaan kortikosteroid sistemik, seperti supresi adrenal, perubahan pada metabolisme glukosa, katabolisme protein, aktivasi tukak lambung, dan lainnya. Efek samping ini biasanya reversibel dan hilang saat pengobatan dihentikan",Belum diketahui efek interaksi yang bisa terjadi jika Kenalog in Orabase digunakan bersamaan dengan obat lain.
44,Incidal-OD,"Incidal-OD digunakan untuk rinitis menahun, rinitis alergi seasonal, konjungtivitis, pruritus, urtikaria idiopatik kronis","Kondisi alergi Dosis yang dianjurkan: Dewasa & anak umur di atas 12 tahun: 10 mg sekali sehari. Anak umur 2-6 tahun : 2,5 mg dua kali sehari. Anak umur 6-12 tahun : 5 mg dua kali sehari. Lansia : Belum ada data untuk menurunkan dosis pada pasien lansia. Insufisiensi ginjal: dosis 1/2 kali dosis yang dianjurkan",Hipersensitif dan gangguan ginjal berat,"Kantuk, pusing, mulut kering, mual atau muntah, diare, sakit perut, tubuh terasa lelah, sakit kepala","Kandungan cetirizine dalam Incidal-OD dapat menimbulkan rasa sangat mengantuk, pusing, dan sulit berkonsentrasi jika digunakan secara bersamaan dengan beberapa jenis obat seperti obat antihistamin lain, obat antidepresan, obat antipsikotik, obat antikonvulsan, obat penenang jenis benzodiazepine, dan obat barbiturat"
45,Tremenza Sirup,"Tremenza Sirup digunakan untuk meredakan gejala batuk pilek, flu, dan rhinitis alergi, seperti hidung tersumbat, bersin-bersin, pilek, mata berair, dan tenggorokan gatal",Dewasa & Anak di atas 12 tahun : 3 kali sehari 2 sendok takar (@10 ml). Anak 6-12 tahun : 3 kali sehari 1 sendok takar (@5 ml.). Anak 2-5 tahun : 3 kali sehari 0.5 sendok takar (@2.5 ml),"Penyakit saluran napas bawah, termasuk asma. Glaukoma, hipertensi, diabetes, penyakit arteri koroner, terapi MAOI","Mulut kering, hidung terasa kering, atau tenggorokan kering, pusing, kantuk atau malah sulit tidur, sakit kepala, sakit perut, sembelit","Peningkatan risiko terjadinya krisis hipertensi dan efek samping yang fatal jika digunakan bersama obat golongan MAOI, seperti isocarboxazid atau selegiline, peningkatan tekanan darah jika digunakan dengan antidepresan trisiklik atau dekongestan lain, peningkatan efek kantuk dari obat penenang, antipsikotik, atau obat tidur antidepresan, penurunan efek antihipertensi dari metildopa dan penghambat beta, seperti bisoprolol"
46,Miconazole Topikal,Miconazole Topikal digunakan untuk mengatasi infeksi yang diakibatkan oleh jamur,Oleskan 2 kali per hari selama 2 sampai 4 minggu pada kulit yang infeksi,Hipersensitif,"Kulit terasa panas atau perih, kulit gatal-gatal, kulit kering dan bersisik","Jika digunakan dengan warfarin, miconazole topikal dapat meningkatkan risiko terjadinya perdarahan atau memar"
47,Ambeven,Ambeven digunakan untuk membantu meringankan gejala wasir,"2 kapsul, 3 kali per hari",Hipersensitif,Ambeven Kapsul cenderung aman jika digunakan sesuai dosis dan aturan pakai,Kandungan Sophora japonica di dalam Ambeven Kapsul dapat meningkatkan risiko terjadinya efek samping dari kafein
48,Folavit,Folavit digunakan untuk membantu memenuhi kebutuhan Asam Folat,"400-500 mcg per hari, Defisiensi asam folat : Dosis Awal : 0.25 - 1 mg per hari. Dosis pemeliharaan : 0.25 mg per hari. Untuk ibu hamil dan menyusui : 2 tablet per hari.",Terapi jangka panjang pada defisiensi kobalamin yang tidak diobati,"Mual, nafsu makan menurun, perut kembung atau sakit perut, rasa pahit atau tidak enak di mulut","Penurunan efektivitas obat antikonvulsan, seperti phenytoin, phenobarbital, carbamazepin, atau valproat, dalam menangani kejang, peningkatan risiko terjadinya efek samping dari lithium, penurunan efek methotrexate, penurunan efektivitas asam folat jika digunakan dengan aspirin, chloramphenicol, dan kotrimoksazol, penurunan penyerapan asam folat jika digunakan dengan sulfasalazine atau triamterene, peningkatan risiko terjadinya efek samping yang berbahaya dari obat kanker tertentu, seperti capecitabine atau fluorouracil"
49,Ardium,Ardium digunakan untuk membantu meringankan gangguan peredaran darah di kaki / varises. Membantu meringankan wasir kronik dan akut,"Untuk gangguan peredaran darah di kaki/varises dan wasir kronik: 2 Tablet/Hari. Untuk wasir akut: 6 Tablet/Hari selama 4 hari, kemudian 4 Tablet/Hari selama 3 hari",Hipersensitif,"Sakit perut, diare, pusing, atau sakit kepala","Peningkatan risiko terjadinya memar dan perdarahan jika digunakan dengan obat pengencer darah atau NSAID, seperti ibuprofen, peningkatan risiko terjadinya efek samping jika digunakan dengan vinblastine, ketoconazole, itraconazole, cimetidine, ranitidine, diltiazem, kortikosteroid, erythromycin, cisapride, fexofenadine, quinidine, atau loperamide, peningkatan risiko terjadinya hipotensi jika dikonsumsi dengan obat antihipertensi"
50,Decolsin,"Decolsin digunakan untuk meredakan batuk yang menyertai gejala-gejala flu seperti demam, sakit kepala, hidung tersumbat, dan bersin-bersin","Dewasa: diminum 3-4 kali sehari, 2-4 sendok takar (10-20 ml). Anak umur 7-12 tahun: diminum 3-4 kali sehari, 1-2 sendok takar (5-10 ml). Anak umur 2-6 tahun: diminum 3-4 kali sehari, 1 sendok takar (5 ml)","Hipersensitif, hipertiroidisme, hipertensi, penyakit jantung, terapi MAOI, nefropati","Sakit perut, mengantuk, pusing, mual, muntah",Antihistamin dapat mempotensiasi depresan sistem saraf pusat lainnya. Efek yang diperpanjang oleh MAOI. Penggunaan parasetamol dalam waktu lama dapat meningkatkan antikoagulan oral
51,Tuzalos,"Tuzalos digunakan untuk mengatasi gejala-gejala flu seperti: demam, pusing, bersin-bersin, hidung tersumbat, yang disertai batuk tidak berdahak","Dewasa : 3 kali per hari 1 kaplet. Anak berusia (6 - 12 tahun) : 0.5 kaplet, 3 kali per hari","Penderita penyakit jantung, diabetes mellitus, dan disfungsi hati yang berat, serta pengguna obat anti depresan tipe penghambat monoamin oksidase (MAOI)","Mengantuk, gangguan pencernaan, gangguan psikomotor, takikardi, aritmia, palpitasi, pusing, mulut kering; retensi urin","Hindari penggunaan Tuzalos bersama dengan MAOI, dapat mengakibatkan krisis hipertensi, fluoxetine, paroxetine, quinidine, terbinafine
amantadine
bromocriptine
serta phenytoin, phenobarbital, carbamazepine, primidone"
52,Stop Cold,Stop Cold digunakan untuk meringankan gejala flu yang disertai batuk,Dewasa : 3x sehari 1 tablet,"Penderita yang peka terhadap obat simpatomimetik, penderita tekanan darah tinggi berat dan yang mendapat terapi obat antidepresan MAOI","Kantuk, mual atau muntah, diare atau malah sembelit, hidung, mulut, atau tenggorokan kering, sulit tidur pada malam hari","Penurunan efektivitas paracetamol jika dikonsumsi bersama colestyramine, peningkatan risiko terjadinya efek samping yang berbahaya jika Stop Cold dikonsumsi bersama isocarboxazid atau tranylcypromine, peningkatan efek kantuk jika digunakan dengan obat antipsikotik, obat tidur, atau obat antikonvulsan, penurun efektivitas obat hipertensi, peningkatan risiko terjadinya tekanan darah tinggi jika digunakan dengan ergotamine atau linezolid"
53,Dulcolax,"Dulcolax digunakan untuk mengatasi masalah sembelit/ susah BAB/ konstipasi. Untuk persiapan prosedur terapi diagnostic, terapi sebelum dan sesudah operasi dan dalam kondisi untuk mempercepat defekasi",Dewasa dan anak di atas usia 10 tahun : 1-2 tablet per hari. Anak 6-10 tahun : 1 tablet sekali sehari,"Obat ini tidak digunakan pada pasien ileus, obstruksi usus, yang baru mengalami pembedahan di bagian perut seperti usus buntu, penyakit radang usus akut, dan nyeri perut parah yang berhubungan dengan mual muntah. Obat ini juga dikontraindikasikan pada dehidrasi yang parah dan pasien yang diketahui hipersensitif terhadap Bisacodyl","Nyeri atau kram perut, lemas, diare, mual atau muntah, pusing","Penurunan efektivitas Dulcolax dan meningkatkan risiko timbulnya dispepsia dan iritasi lambung bila digunakan bersama obat antasida, peningkatan risiko terjadinya gangguan elektrolit bila dikombinasikan dengan obat kortikosteroid atau obat diuretik, peningkatan risiko terjadinya efek samping jika digunakan bersama obat pencahar lainnya"
54,Konidin,Konidin digunakan untuk meringankan batuk,Dewasa dan anak-anak diatas 12 tahun : 3x sehari 1-2 tablet. Anak-anak usia 6-12 tahun : 3 x sehari 1/2-1 tablet atau menurut petunjuk dokter,Hipersensitif,"Pusing, kantuk, mual atau muntah, mulut kering, sembelit, pandangan kabur","Peningkatan risiko terjadinya serotonin syndrome jika digunakan bersama antidepresan golongan SSRI, trisiklik, atau MAOI, peningkatan risiko terjadinya efek samping pusing, kantuk, dan sulit berkonsentrasi jika digunakan dengan antihistamin atau pereda nyeri opioid, peningkatan kadar phenytoin di dalam darah sehingga meningkatkan risiko terjadinya overdosis phenytoin"
55,Mixagrip,"Mixagrip digunakan untuk meredakan gejala flu seperti bersin-bersin, hidung berair, hidung tersumbat, demam, dan sakit kepala yang disertai batuk.",Dewasa dan anak diatas 12 tahun : 3 kali per hari 1 kaplet. Anak 6-12 tahun : 3 kali per hari 1/2 kaplet,"Hipersensitif, pasien yang menggunakan obat-obatan golongan monoamine oksidase (MAO) inhibitor, penderita diabetes mellitus, penyakit jantung, hipertensi berat, penyakit arteri koroner, hipertrofi prostat, hipertiroid dan glaucome","Mulut kering, sakit kepala, sulit tidur, sembelit, pandangan kabur, mual atau muntah","Peningkatan risiko terjadinya overdosis jika dikonsumsi dengan obat lain yang juga mengandung paracetamol. Peningkatan risiko terjadinya efek samping yang berbahaya, seperti krisis hipertensi, jika Mixagrip dikonsumsi bersamaan atau dalam waktu yang berdekatan dengan obat antidepresan trisiklik, seperti amitriptilin"
56,Diagit,Diagit digunakan untuk pengobatan simptomatik pada diare yang tidak diketahui penyebabnya,"Dewasa dan anak-anak usia lebih dari 12 tahun : Mula-mula 2 tablet, diikuti dengan penambahan 2 tablet lagi setiap selesai buang air besar, maksimum 12 tablet selama 24 jam. Anak-anak 6-12 tahun : Mula-mula 1 tablet kemudian 1 tablet lagi, setiap selesai buang air besar, maksimum 6 tablet",Hipersensitif,"Mual, pusing, konstipasi","Mengurangi efek ipecacuanha dan obat golongan emetik lainnya. Waspadai interaksi dengan obat hipoglikemik oral, antikoagulan, antagonis Vit K, PABA dan Procaine.
Dapat mempotensiasi efek antikolinergik antihistamin, antidepresan, antipsikotik, dan obat antiparkinson. Tidak boleh diberikan bersamaan dengan Dolutegravir secara oral. Produk yang mengandung aluminium, kalsium, besi, magnesium dan / atau mineral lainnya dapat mengganggu penyerapan dolutegravir dan mengurangi keefektifannya dalam mengobati infeksi HIV. Dolutegravir bisa diminum setidaknya dua jam sebelum atau enam jam setelah dosis Diagit.
Pemberian pectin bersamaan dengan makanan atau suplemen yang mengandung beta karoten dapat mengurangi kadar plasma beta-karoten lebih dari 50%.
Penggunaan pectin dan lovastatin bersamaan, dan penghambat reduktase HMG-CoA lainnya dapat menurunkan penyerapan inhibitor HMG-CoA reductase.
Menurunkan kadar plasma Digoksin."
57,Dicom,"Dicom digunakan untuk 
mengatasi dan meringankan gejala flu serta alergi, seperti hidung tersumbat. Mengatasi peradangan pada bagian dalam hidung yang tidak diketahui penyebabnya. Meredakan bersin-bersin, peradangan pada mukosa hidung yang disebabkan reaksi alergi (rhinitis alergi)","Dewasa 1 tablet, 3 kali sehari. Anak-anak (6-12 tahun) 1/2 tablet, 3 kali sehari","Riwayat hipersensitif atau reaksi alergi terhadap komponen obat, penderita penyakit darah tinggi, glaukoma, diabetes, dan jantung koroner. Penderita yang sedang menjalani pengobatan dengan obat penghambat monoamin oksidase","Mulut kering, palpitasi,rasa lelah, pusing, kerusakan hati (dosis besar)","Penurunan efek antihipertensi dari metildopa, penghambat beta, seperti bisoprolol; dan penghambat alfa, seperti terazosin dan prazosin, penurunan efektivitas pseudoephedrine jika digunakan dengan urinary acidifiers, seperti asam fosfat kalium, peningkatan risiko terjadinya efek samping jika pseudoephedrine digunakan dengan urinary alkalinizers, seperti kalium sitrat, peningkatan tekanan darah jika digunakan dengan antidepresan trisiklik atau agen simpatomimetik lain, seperti dekongestan, obat penurun selera makan, atau stimulan, seperti amfetamin, peningkatan risiko terjadinya krisis hipertensi dan efek samping yang fatal jika digunakan bersama obat golongan MAOI, seperti isocarboxazid atau selegiline"
58,Formyco,"Formyco digunakan untuk mengobati infeksi jamur sistemik, Kandidiasis mukokutan kronis yang tidak responsif terhadap Nistatin & obat-obat lainnya",Dewasa : 1 tablet sekali sehari. Infeksi berat : 2 tablet per hari. Anak di atas 2 tahun : 5 mg/kg BB/hari,Hipersensitivitas terhadap Ketokonazol. Penderita penyakit hati akut dan meningitis kriptokokus,"Pusing, kantuk, sakit kepala, mimisan, mual atau muntah, perut kembung, diare, payudara bengkak","Peningkatan risiko terjadinya gangguan irama jantung yang berbahaya jika digunakan dengan cisapride, escitalopram, sertraline, pimozide, ritonavir, atau methadone, peningkatan risiko terjadinya kerusakan hati jika digunakan dengan paracetamol atau duloxetine, peningkatan risiko terjadinya efek samping yang berbahaya dari fluticasone inhalasi, penurunan efektivitas ketoconazole jika digunakan dengan obat sakit maag, seperti antasida, sukralfat, ranitidin, cimetidine, omeprazole, atau lansoprazole, penurunan efektivitas ketoconazole jika digunakan dengan suplemen vitamin D atau kalsium, peningkatan risiko terjadinya kerusakan otot, termasuk rhabdomyolysis, jika digunakan bersama lovastatin dan simvastatin, peningkatan efek kantuk dan risiko terjadinya gangguan pernapasan berat jika digunakan bersama midazolam atau alprazolam, peningkatan risiko terjadinya efek samping jika digunakan dengan colchicine"
59,Nalgestan,"Nalgestan digunakan untuk vasokonstriktor & antihistamin pada hidung tersumbat, selesma, bersin-bersin, masuk angin, sinusitis, rinitis alergi, rinitis vasomotor",3-4x sehari 1 tablet,"Hipertiroidisme, hipertensi, penyakit jantung, feokromositoma, glaukoma sudut tertutup, mendapat terapi dengan MAOI, penyakit saluran nafas bawah, bayi baru lahir atau prematur, laktasi","Mata, hidung, dan mulut terasa kering, kantuk, pusing, sakit kepala, gelisah, mual atau muntah, sembelit, penglihatan kabur","Peningkatan risiko terjadinya overdosis jika digunakan bersama obat dexchlorpheniramine, peningkatan risiko terjadinya krisis hipertensi yang berbahaya bila digunakan bersama obat golongan MAOI, peningkatan efek samping kantuk jika digunakan bersama antihistamin lain, antidepresan, alkohol, obat pereda nyeri, pereda kecemasan, anti kejang, dan pelemas otot"
60,Bisolvon,Bisolvon digunakan sebagai sekretolitik (mukolitik) dan ekspektoran untuk meredakan batuk berdahak dan mempermudah pengeluaran dahak,"Dewasa dan Anak diatas 12 tahun:10 ml (sendok takar 5 ml), diberikan 3 kali perhari. Anak 6-12 tahun: 5 ml (1 sendok takar 5 ml), diberikan 3 kali per hari. Anak 2-6 tahun: 2.5 ml (setengah sendok takar 5 ml), diberikan 3 kali per hari",Penderita yang hipersensitif terhadap Bromhexine HCl atau komponen lain dalam formula,"Kembung, diare, mual dan muntah, pusing, sakit kepala, atau vertigo, gangguan pencernaan, tubuh berkeringat","Jika digunakan bersamaan dengan antibiotik, seperti ampicillin, erythromycin, amoxicillin, cefuroxime, doxycycline, kandungan bromhexine dalam Bisolvon Extra dapat meningkatkan risiko terjadinya efek samping obat antibiotik"